{
  "train_losses": [
    9.21584415435791,
    8.634531021118164,
    7.957828998565674,
    7.383936882019043,
    6.9483795166015625,
    6.57159423828125,
    6.322756767272949,
    6.046118259429932,
    5.864852428436279,
    5.694477558135986,
    5.5284600257873535,
    5.326374530792236,
    5.075182914733887,
    4.783570766448975,
    4.423222541809082,
    3.825493812561035,
    3.3826236724853516,
    3.016660213470459,
    2.5122060775756836
  ],
  "val_losses": [
    9.214747428894043,
    8.635428428649902,
    7.955718517303467,
    7.385618209838867,
    6.945914268493652,
    6.576113700866699,
    6.319850444793701,
    6.049324989318848,
    5.872996807098389,
    5.700882434844971,
    5.530862808227539,
    5.32450008392334,
    5.0762529373168945,
    4.788069248199463,
    4.425627708435059,
    3.822841167449951,
    3.3843374252319336,
    3.0164830684661865,
    2.512477159500122
  ],
  "best_val_loss": 2.512477159500122,
  "config": {
    "learning_rate": 0.0001,
    "max_iters": 2000,
    "warmup_steps": 1000,
    "batch_size": 32,
    "block_size": 128,
    "model_config": {
      "n_layer": 6,
      "n_head": 6,
      "n_embd": 384,
      "vocab_size": 50257,
      "dropout": 0.1
    }
  }
}